{
  "timestamp": "2026-01-31T03:58:49.097961",
  "config": {
    "n_folds": 5,
    "test_size": 0.15,
    "use_ensemble": false,
    "n_features": 55
  },
  "markets": {
    "result": {
      "cv_mean": 0.5679886753566346,
      "cv_std": 0.003898061390701215,
      "test_accuracy": 0.5722401887946857,
      "test_f1": 0.5304622785617564,
      "test_logloss": 0.879308055121398,
      "train_size": 64827,
      "test_size": 11441
    },
    "over25": {
      "cv_mean": 0.6723586687518022,
      "cv_std": 0.0020314749078973737,
      "test_accuracy": 0.6804475133292545,
      "test_f1": 0.6789759763016416,
      "test_logloss": 0.586978661490678,
      "train_size": 64827,
      "test_size": 11441
    },
    "over15": {
      "cv_mean": 0.753374375736857,
      "cv_std": 0.002160464587355195,
      "test_accuracy": 0.7553535530111004,
      "test_f1": 0.7084150443263441,
      "test_logloss": 0.5097960124561552,
      "train_size": 64827,
      "test_size": 11441
    },
    "btts": {
      "cv_mean": 0.6449627162773278,
      "cv_std": 0.0029817327583454524,
      "test_accuracy": 0.6433878157503715,
      "test_f1": 0.643394566794884,
      "test_logloss": 0.6144204440353862,
      "train_size": 64827,
      "test_size": 11441
    },
    "dc_1x": {
      "cv_mean": 0.7684298743535185,
      "cv_std": 0.0028217407167856505,
      "test_accuracy": 0.774233021589022,
      "test_f1": 0.7576322479935254,
      "test_logloss": 0.4692753291047878,
      "train_size": 64827,
      "test_size": 11441
    },
    "dc_x2": {
      "cv_mean": 0.7171857393917428,
      "cv_std": 0.0011539786466860454,
      "test_accuracy": 0.7182064504850975,
      "test_f1": 0.7132559545489263,
      "test_logloss": 0.537857446624081,
      "train_size": 64827,
      "test_size": 11441
    },
    "dc_12": {
      "cv_mean": 0.7283230798708824,
      "cv_std": 0.00121024167153757,
      "test_accuracy": 0.725548466043178,
      "test_f1": 0.6238674953104124,
      "test_logloss": 0.5596414318837445,
      "train_size": 64827,
      "test_size": 11441
    }
  }
}