{
  "timestamp": "2026-01-31T03:33:28.450926",
  "config": {
    "n_folds": 5,
    "test_size": 0.15,
    "random_state": 42
  },
  "markets": {
    "result": {
      "cv_mean": 0.5664460380196352,
      "cv_std": 0.005179204760101835,
      "test_accuracy": 0.5699676601695656,
      "test_logloss": 0.8873932947797113,
      "test_f1": 0.5206418931229126,
      "train_size": 64827,
      "test_size": 11441
    },
    "over25": {
      "cv_mean": 0.6738086944769194,
      "cv_std": 0.004479353147088091,
      "test_accuracy": 0.6790490341753344,
      "test_logloss": 0.5892983193157183,
      "test_f1": 0.6773066444472682,
      "train_size": 64827,
      "test_size": 11441
    },
    "over15": {
      "cv_mean": 0.7537137450291989,
      "cv_std": 0.0018577400524640727,
      "test_accuracy": 0.7555283629053404,
      "test_logloss": 0.5083415678188823,
      "test_f1": 0.7044892986112797,
      "train_size": 64827,
      "test_size": 11441
    },
    "btts": {
      "cv_mean": 0.6458728232770403,
      "cv_std": 0.004088303943380012,
      "test_accuracy": 0.6446114850100516,
      "test_logloss": 0.6144252659640475,
      "test_f1": 0.6446095301845459,
      "train_size": 64827,
      "test_size": 11441
    }
  }
}