{"train_loss": [2.637961513855878, 2.609668182725666, 2.6019665734106754, 2.591883430961801, 2.574768957971525], "val_loss": [1.0502713958422343, 1.0491110265254975, 1.049232691526413, 1.0533315161863963, 1.0653709133466085], "accuracy": [0.47869542346133614, 0.47869542346133614, 0.47869542346133614, 0.4529195160441873, 0.436612309310889]}